CoC_Number,CoC_Name,Overall_Homeless,Sheltered_ES_Homeless,Sheltered_TH_Homeless,Sheltered_Total_Homeless,Unsheltered_Homeless,Overall_Homeless_Individuals,Sheltered_ES_Homeless_Individuals,Sheltered_TH_Homeless_Individuals,Sheltered_Total_Homeless_Individuals,Unsheltered_Homeless_Individuals,Overall_Homeless_People_in_Families,Sheltered_ES_Homeless_People_in_Families,Sheltered_TH_Homeless_People_in_Families,Sheltered_Total_Homeless_People_in_Families,Unsheltered_Homeless_People_in_Families,Overall_Homeless_Family_Households,Sheltered_ES_Homeless_Family_Households,Sheltered_TH_Homeless_Family_Households,Sheltered_Total_Homeless_Family_Households,Unsheltered_Homeless_Family_Households,Overall_Chronically_Homeless_Individuals,Sheltered_Total_Chronically_Homeless_Individuals,Unsheltered_Chronically_Homeless_Individuals
AK-500,Anchorage CoC,1023,535,386,921,102,695,357,239,596,99,328,178,147,325,3,84,42,41,83,1,300,239,61
AK-501,Alaska Balance of State CoC,623,312,219,531,92,372,200,116,316,56,251,112,103,215,36,88,41,34,75,13,139,116,23
AL-500,"Birmingham/Jefferson, St. Clair, Shelby Counties CoC",2104,465,775,1240,864,1529,393,440,833,696,575,72,335,407,168,228,31,122,153,75,516,269,247
AL-501,Mobile City & County/Baldwin County CoC,524,156,185,341,183,350,103,77,180,170,174,53,108,161,13,62,18,39,57,5,73,34,39
AL-502,Florence/Northwest Alabama CoC,249,27,151,178,71,173,9,119,128,45,76,18,32,50,26,23,3,12,15,8,5,2,3
AL-503,Huntsville/North Alabama CoC,714,338,299,637,77,596,311,208,519,77,118,27,91,118,0,47,12,35,47,0,279,202,77
AL-504,Montgomery City & County CoC,444,108,219,327,117,370,96,166,262,108,74,12,53,65,9,26,4,19,23,3,103,38,65
AL-505,Gadsden/Northeast Alabama CoC,298,183,79,262,36,206,120,61,181,25,92,63,18,81,11,25,16,6,22,3,8,7,1
AL-506,Tuscaloosa City & County CoC,196,33,159,192,4,170,31,135,166,4,26,2,24,26,0,11,1,10,11,0,25,21,4
AL-507,Alabama Balance of State CoC,858,224,442,666,192,692,96,438,534,158,166,128,4,132,34,61,46,2,48,13,43,6,37
AR-500,Little Rock/Central Arkansas CoC,1811,638,538,1176,635,1621,594,404,998,623,190,44,134,178,12,61,15,43,58,3,491,300,191
AR-501,Fayetteville/Northwest Arkansas CoC,313,192,81,273,40,235,150,53,203,32,78,42,28,70,8,47,27,16,43,4,34,25,9
AR-502,Conway/Arkansas River Valley,163,11,48,59,104,87,9,10,19,68,76,2,38,40,36,26,2,15,17,9,15,0,15
AR-504,Delta Hills CoC,817,101,273,374,443,626,80,267,347,279,191,21,6,27,164,127,13,4,17,110,327,142,185
AR-505,Southeast Arkansas CoC,130,102,18,120,10,35,23,9,32,3,95,79,9,88,7,24,19,3,22,2,25,25,0
AR-506,"Johnson, Pope, Yell Counties",21,4,14,18,3,21,4,14,18,3,0,0,0,0,0,0,0,0,0,0,1,0,1
AZ-500,Arizona Balance of State CoC,2940,510,446,956,1984,2162,262,197,459,1703,778,248,249,497,281,280,89,75,164,116,408,76,332
AZ-501,Tucson/Pima County CoC,2359,361,890,1251,1108,1580,221,387,608,972,779,140,503,643,136,286,48,172,220,66,1502,784,718
AZ-502,"Phoenix, Mesa/Maricopa County CoC",7189,2233,2530,4763,2426,4686,1299,1010,2309,2377,2503,934,1520,2454,49,711,267,434,701,10,1187,363,824
CA-500,San Jose/Santa Clara City & County CoC,7202,999,1102,2101,5101,5945,759,346,1105,4840,1257,240,756,996,261,366,76,221,297,69,1757,223,1534
CA-501,San Francisco CoC,5171,1818,582,2400,2771,4639,1496,392,1888,2751,532,322,190,512,20,194,113,73,186,8,1735,738,997
CA-502,"Oakland, Berkeley/Alameda County CoC",4838,992,1350,2342,2496,3026,675,582,1257,1769,1812,317,768,1085,727,653,108,261,369,284,1257,318,939
CA-503,Sacramento City & County CoC,2615,682,667,1349,1266,2173,551,389,940,1233,442,131,278,409,33,161,47,102,149,12,680,238,442
CA-504,"Santa Rosa, Petaluma/Sonoma County CoC",1314,453,329,782,532,888,278,129,407,481,426,175,200,375,51,149,55,71,126,23,297,79,218
CA-505,Richmond/Contra Costa County CoC,4062,522,381,903,3159,2892,225,107,332,2560,1170,297,274,571,599,344,129,69,198,146,1225,88,1137
CA-506,"Salinas/Monterey, San Benito Counties CoC",1402,210,299,509,893,1149,177,85,262,887,253,33,214,247,6,79,12,65,77,2,336,27,309
CA-507,Marin County CoC,1002,139,463,602,400,846,122,343,465,381,156,17,120,137,19,52,6,37,43,9,172,41,131
CA-508,Watsonville/Santa Cruz City & County CoC,2789,284,202,486,2303,2408,183,78,261,2147,381,101,124,225,156,127,32,42,74,53,1161,68,1093
CA-509,Mendocino County CoC,1423,187,98,285,1138,1193,134,31,165,1028,230,53,67,120,110,152,23,19,42,110,520,136,384
CA-510,"Turlock, Modesto/Stanislaus County CoC",1593,415,219,634,959,1001,249,33,282,719,592,166,186,352,240,198,56,61,117,81,552,82,470
CA-511,Stockton/San Joaquin County CoC,2354,1614,437,2051,303,1532,1279,13,1292,240,822,335,424,759,63,264,94,131,225,39,202,144,58
CA-512,Daly/San Mateo County CoC,1798,205,499,704,1094,1388,89,221,310,1078,410,116,278,394,16,126,34,88,122,4,475,25,450
CA-513,"Visalia/Kings, Tulare Counties CoC",1040,86,103,189,851,468,40,61,101,367,572,46,42,88,484,208,13,12,25,183,88,8,80
CA-514,Fresno City & County/Madera County CoC,3507,1030,921,1951,1556,1966,782,503,1285,681,1541,248,418,666,875,467,109,171,280,187,508,145,363
CA-515,"Roseville, Rocklin/Placer County CoC",587,62,388,450,137,368,52,192,244,124,219,10,196,206,13,60,3,53,56,4,48,22,26
CA-516,"Redding/Shasta, Siskiyou, Lassen, Plumas, Del Norte, Modoc, Sierra Counties CoC",263,143,58,201,62,186,102,29,131,55,77,41,29,70,7,31,16,12,28,3,85,40,45
CA-517,Napa City & County CoC,365,126,93,219,146,236,88,26,114,122,129,38,67,105,24,32,11,13,24,8,150,52,98
CA-518,Vallejo/Solano County CoC,1956,270,187,457,1499,818,109,116,225,593,1138,161,71,232,906,475,81,32,113,362,524,31,493
CA-519,"Chico, Paradise/Butte County CoC",592,141,181,322,270,441,103,98,201,240,151,38,83,121,30,44,11,25,36,8,202,78,124
CA-520,Merced City & County CoC,2455,99,36,135,2320,2072,79,21,100,1972,383,20,15,35,348,111,6,4,10,101,728,27,701
CA-521,"Davis, Woodland/Yolo County CoC",414,61,167,228,186,292,48,62,110,182,122,13,105,118,4,37,4,32,36,1,93,15,78
CA-522,Humboldt County CoC,907,172,150,322,585,366,87,52,139,227,541,85,98,183,358,146,27,30,57,89,219,29,190
CA-523,"Colusa, Glenn, Trinity Counties CoC",193,0,0,0,193,131,0,0,0,131,62,0,0,0,62,22,0,0,0,22,78,0,78
CA-524,Yuba City & County/Sutter County CoC,594,60,423,483,111,247,48,128,176,71,347,12,295,307,40,90,4,76,80,10,67,28,39
CA-525,El Dorado County CoC,150,49,26,75,75,128,39,14,53,75,22,10,12,22,0,7,3,4,7,0,12,7,5
CA-526,"Amador, Calaveras, Mariposa, Tuolumne Counties CoC",400,58,21,79,321,252,26,0,26,226,148,32,21,53,95,50,13,6,19,31,90,14,76
CA-600,Los Angeles City & County CoC,47862,5525,5917,11442,36420,44185,4492,3925,8417,35768,3677,1033,1992,3025,652,1165,297,612,909,256,19031,1604,17427
CA-601,San Diego City and County CoC,8455,1263,3154,4417,4038,5995,809,1432,2241,3754,2460,454,1722,2176,284,758,94,562,656,102,1231,578,653
CA-602,"Santa Ana, Anaheim/Orange County CoC",3649,1410,1168,2578,1071,2112,936,360,1296,816,1537,474,808,1282,255,513,171,268,439,74,257,36,221
CA-603,Santa Maria/Santa Barbara County CoC,4253,554,926,1480,2773,3212,281,430,711,2501,1041,273,496,769,272,245,81,97,178,67,503,244,259
CA-604,Bakersfield/Kern County CoC,1537,389,516,905,632,1248,252,394,646,602,289,137,122,259,30,89,40,43,83,6,316,69,247
CA-606,Long Beach CoC,3829,613,1066,1679,2150,2814,386,803,1189,1625,1015,227,263,490,525,320,75,88,163,157,1112,484,628
CA-607,Pasadena CoC,983,322,112,434,549,690,235,63,298,392,293,87,49,136,157,74,23,12,35,39,282,59,223
CA-608,Riverside City & County CoC,4508,484,846,1330,3178,3343,263,349,612,2731,1165,221,497,718,447,338,69,136,205,133,1003,154,849
CA-609,San Bernardino City & County CoC,6969,807,413,1220,5749,6191,317,292,609,5582,778,490,121,611,167,237,152,40,192,45,2386,142,2244
CA-611,"Oxnard, San Buenaventura/Ventura County CoC",1961,259,292,551,1410,1180,161,107,268,912,781,98,185,283,498,369,42,50,92,277,301,42,259
CA-612,Glendale CoC,296,151,82,233,63,161,113,10,123,38,135,38,72,110,25,50,16,26,42,8,79,64,15
CA-613,Imperial County CoC,393,91,65,156,237,289,52,0,52,237,104,39,65,104,0,33,12,21,33,0,249,12,237
CA-614,San Luis Obispo County CoC,850,172,109,281,569,579,116,56,172,407,271,56,53,109,162,88,17,17,34,54,243,15,228
CO-500,Colorado Balance of State CoC,5188,757,476,1233,3955,1829,249,89,338,1491,3359,508,387,895,2464,840,127,97,224,616,475,76,399
CO-503,Metropolitan Denver CoC,8482,2407,2544,4951,3531,3669,1598,614,2212,1457,4813,809,1930,2739,2074,1520,237,679,916,604,412,272,140
CO-504,Colorado Springs/El Paso County CoC,1077,328,365,693,384,762,257,177,434,328,315,71,188,259,56,97,21,54,75,22,195,101,94
CT-503,"Bridgeport, Stamford, Norwalk, Danbury/Fairfield County CoC",846,419,330,749,97,562,309,162,471,91,284,110,168,278,6,99,41,56,97,2,125,79,46
CT-505,Connecticut Balance of State CoC,3781,1990,1281,3271,510,2211,1194,520,1714,497,1570,796,761,1557,13,524,269,250,519,5,750,499,251
DC-500,District of Columbia CoC,6044,3463,2203,5666,378,4208,2908,922,3830,378,1836,555,1281,1836,0,587,177,410,587,0,2184,1840,344
DE-500,Delaware Statewide CoC,933,446,416,862,71,652,333,248,581,71,281,113,168,281,0,85,37,48,85,0,248,221,27
FL-500,"Sarasota, Bradenton/Manatee, Sarasota Counties CoC",1361,366,164,530,831,1043,278,75,353,690,318,88,89,177,141,137,25,34,59,78,125,27,98
FL-501,Tampa/Hillsborough County CoC,6483,358,692,1050,5433,4397,262,322,584,3813,2086,96,370,466,1620,837,40,108,148,689,528,147,381
FL-502,"St. Petersburg, Clearwater, Largo/Pinellas County CoC",2526,487,818,1305,1221,2129,359,552,911,1218,397,128,266,394,3,151,54,96,150,1,611,197,414
FL-503,"Lakeland, Winterhaven/Polk County CoC",1149,450,258,708,441,930,388,137,525,405,219,62,121,183,36,67,21,35,56,11,155,105,50
FL-504,"Deltona, Daytona Beach/Volusia, Flagler Counties CoC",1801,108,468,576,1225,1167,78,186,264,903,634,30,282,312,322,224,9,123,132,92,153,0,153
FL-505,"Fort Walton Beach/Okaloosa, Walton Counties CoC",1763,248,82,330,1433,993,232,57,289,704,770,16,25,41,729,327,6,11,17,310,628,187,441
FL-506,Tallahassee/Leon County CoC,590,254,241,495,95,434,200,164,364,70,156,54,77,131,25,44,14,23,37,7,150,100,50
FL-507,"Orlando/Orange, Osceola, Seminole Counties CoC",3734,1037,1329,2366,1368,1797,448,608,1056,741,1937,589,721,1310,627,646,197,240,437,209,1070,430,640
FL-508,"Gainesville/Alachua, Putnam Counties CoC",744,117,162,279,465,590,66,108,174,416,154,51,54,105,49,47,16,16,32,15,199,20,179
FL-509,"Fort Pierce/St. Lucie, Indian River, Martin Counties CoC",1503,218,80,298,1205,747,60,0,60,687,756,158,80,238,518,285,53,29,82,203,163,26,137
FL-510,"Jacksonville-Duval, Clay Counties CoC",2585,769,723,1492,1093,1833,403,337,740,1093,752,366,386,752,0,250,122,128,250,0,621,391,230
FL-511,"Pensacola/Escambia, Santa Rosa Counties CoC",1028,121,254,375,653,786,83,163,246,540,242,38,91,129,113,142,16,35,51,91,170,26,144
FL-512,St. Johns County CoC,1238,60,46,106,1132,1099,32,4,36,1063,139,28,42,70,69,50,14,19,33,17,119,0,119
FL-513,"Palm Bay, Melbourne/Brevard County CoC",1899,94,408,502,1397,1532,52,249,301,1231,367,42,159,201,166,115,16,43,59,56,576,25,551
FL-514,Ocala/Marion County CoC,480,139,173,312,168,348,105,75,180,168,132,34,98,132,0,45,13,32,45,0,7,7,0
FL-515,"Panama City/Bay, Jackson Counties CoC",313,62,149,211,102,269,43,124,167,102,44,19,25,44,0,12,5,7,12,0,30,0,30
FL-517,"Hendry, Hardee, Highlands Counties CoC",2968,16,85,101,2867,1119,16,47,63,1056,1849,0,38,38,1811,834,0,12,12,822,505,8,497
FL-518,"Columbia, Hamilton, Lafayette, Suwannee Counties CoC",282,84,8,92,190,180,46,8,54,126,102,38,0,38,64,21,11,0,11,10,75,17,58
FL-519,Pasco County CoC,4074,1500,0,1500,2574,1178,432,0,432,746,2896,1068,0,1068,1828,1158,427,0,427,731,894,336,558
FL-520,"Citrus, Hernando, Lake, Sumter Counties CoC",1104,72,144,216,888,586,34,133,167,419,518,38,11,49,469,109,12,4,16,93,21,3,18
FL-600,Miami-Dade County CoC,4574,1487,1740,3227,1347,3352,1035,972,2007,1345,1222,452,768,1220,2,328,130,197,327,1,461,260,201
FL-601,Ft Lauderdale/Broward County CoC,3154,834,1619,2453,701,2451,594,1220,1814,637,703,240,399,639,64,178,60,95,155,23,222,59,163
FL-602,Punta Gorda/Charlotte County CoC,730,64,386,450,280,635,34,328,362,273,95,30,58,88,7,46,15,29,44,2,273,0,273
FL-603,"Ft Myers, Cape Coral/Lee County CoC",899,92,294,386,513,847,63,285,348,499,52,29,9,38,14,20,11,4,15,5,184,21,163
FL-604,Monroe County CoC,1121,265,212,477,644,1017,240,170,410,607,104,25,42,67,37,37,13,14,27,10,289,120,169
FL-605,West Palm Beach/Palm Beach County CoC,1766,345,382,727,1039,1302,157,157,314,988,464,188,225,413,51,150,59,74,133,17,329,34,295
FL-606,Naples/Collier County CoC,289,122,38,160,129,198,93,17,110,88,91,29,21,50,41,36,10,14,24,12,20,9,11
GA-500,Atlanta CoC,6840,2386,2339,4725,2115,5622,2027,1524,3551,2071,1218,359,815,1174,44,379,115,250,365,14,1232,577,655
GA-501,Georgia Balance of State CoC,9340,1157,1110,2267,7073,5896,528,431,959,4937,3444,629,679,1308,2136,1078,197,234,431,647,725,178,547
GA-503,Athens-Clarke County CoC,462,133,170,303,159,308,72,89,161,147,154,61,81,142,12,50,19,27,46,4,108,45,63
GA-504,Augusta-Richmond County CoC,528,230,266,496,32,393,181,184,365,28,135,49,82,131,4,48,16,31,47,1,149,149,0
GA-505,Columbus-Muscogee CoC,618,195,49,244,374,559,136,49,185,374,59,59,0,59,0,23,23,0,23,0,99,43,56
GA-506,Marietta/Cobb County CoC,537,125,204,329,208,346,74,86,160,186,191,51,118,169,22,69,20,41,61,8,154,45,109
GA-507,Savannah/Chatham County CoC,770,194,307,501,269,604,109,226,335,269,166,85,81,166,0,75,42,33,75,0,204,0,204
GU-500,Guam CoC,725,33,70,103,622,254,14,39,53,201,471,19,31,50,421,120,5,9,14,106,50,39,11
HI-500,Hawaii Balance of State CoC,2311,385,361,746,1565,1236,151,186,337,899,1075,234,175,409,666,296,72,49,121,175,553,18,535
HI-501,Honolulu City and County CoC,3750,729,1228,1957,1793,2090,344,410,754,1336,1660,385,818,1203,457,438,115,208,323,115,225,114,111
IA-500,"Sioux City/Dakota, Woodbury Counties CoC",271,107,153,260,11,127,82,34,116,11,144,25,119,144,0,47,6,41,47,0,55,55,0
IA-501,Iowa Balance of State CoC,1950,585,1239,1824,126,766,348,328,676,90,1184,237,911,1148,36,385,78,292,370,15,86,75,11
IA-502,Des Moines/Polk County CoC,1125,326,677,1003,122,716,241,388,629,87,409,85,289,374,35,126,25,91,116,10,136,95,41
ID-500,Boise/Ada County CoC,611,389,164,553,58,420,341,21,362,58,191,48,143,191,0,62,17,45,62,0,10,0,10
ID-501,Idaho Balance of State CoC,853,241,456,697,156,397,136,159,295,102,456,105,297,402,54,166,38,106,144,22,36,11,25
IL-500,McHenry County CoC,199,54,141,195,4,122,49,69,118,4,77,5,72,77,0,24,2,22,24,0,41,37,4
IL-501,"Rockford/DeKalb, Winnebago, Boone Counties CoC",705,313,318,631,74,381,208,116,324,57,324,105,202,307,17,114,26,82,108,6,149,99,50
IL-502,"Waukegan, North Chicago/Lake County CoC",439,227,203,430,9,221,110,102,212,9,218,117,101,218,0,73,41,32,73,0,48,45,3
IL-503,"Champaign, Urbana, Rantoul/Champaign County CoC",429,236,180,416,13,158,136,20,156,2,271,100,160,260,11,102,35,63,98,4,59,57,2
IL-504,Madison County CoC,214,87,102,189,25,69,44,4,48,21,145,43,98,141,4,44,14,29,43,1,3,0,3
IL-506,"Joliet, Bolingbrook/Will County CoC",309,136,163,299,10,158,98,50,148,10,151,38,113,151,0,52,16,36,52,0,50,50,0
IL-507,"Peoria, Pekin/Fulton, Tazewell, Peoria, Woodford Counties CoC",350,126,216,342,8,202,110,84,194,8,148,16,132,148,0,44,5,39,44,0,65,65,0
IL-508,"East St. Louis, Belleville/St. Clair County CoC",670,90,128,218,452,306,58,28,86,220,364,32,100,132,232,98,10,36,46,52,59,12,47
IL-510,Chicago CoC,5979,2078,2268,4346,1633,3927,1664,695,2359,1568,2052,414,1573,1987,65,598,119,457,576,22,1018,334,684
IL-511,Cook County CoC,1420,512,650,1162,258,721,342,130,472,249,699,170,520,690,9,328,64,261,325,3,256,160,96
IL-512,Bloomington/Central Illinois CoC,467,241,158,399,68,228,156,29,185,43,239,85,129,214,25,73,27,40,67,6,57,44,13
IL-513,Springfield/Sangamon County CoC,235,150,78,228,7,216,131,78,209,7,19,19,0,19,0,6,6,0,6,0,101,95,6
IL-514,DuPage County CoC,766,190,452,642,124,380,142,136,278,102,386,48,316,364,22,131,18,105,123,8,173,71,102
IL-515,South Central Illinois CoC,270,132,103,235,35,45,26,8,34,11,225,106,95,201,24,65,33,25,58,7,5,4,1
IL-516,Decatur/Macon County CoC,347,94,73,167,180,124,52,13,65,59,223,42,60,102,121,73,14,23,37,36,34,21,13
IL-517,"Aurora, Elgin/Kane County CoC",474,275,143,418,56,356,224,76,300,56,118,51,67,118,0,36,16,20,36,0,245,212,33
IL-518,"Rock Island, Moline/Northwestern Illinois CoC",352,125,143,268,84,158,55,49,104,54,194,70,94,164,30,66,20,35,55,11,18,11,7
IL-519,West Central Illinois CoC,229,32,67,99,130,168,25,22,47,121,61,7,45,52,9,24,3,18,21,3,17,6,11
IL-520,Southern Illinois CoC,870,562,234,796,74,416,276,82,358,58,454,286,152,438,16,123,83,34,117,6,159,113,46
IN-502,Indiana Balance of State CoC,5904,2388,2171,4559,1345,3812,1651,968,2619,1193,2092,737,1203,1940,152,691,249,401,650,41,575,162,413
IN-503,Indianapolis CoC,1491,739,625,1364,127,1125,575,423,998,127,366,164,202,366,0,124,55,69,124,0,121,87,34
KS-502,Wichita/Sedgwick County CoC,473,331,114,445,28,342,270,47,317,25,131,61,67,128,3,46,22,23,45,1,93,85,8
KS-503,Topeka/Shawnee County CoC,341,206,110,316,25,199,110,64,174,25,142,96,46,142,0,51,37,14,51,0,31,22,9
KS-505,"Overland Park, Shawnee/Johnson County CoC",234,86,61,147,87,60,9,8,17,43,174,77,53,130,44,50,23,17,40,10,12,3,9
KS-507,Kansas Balance of State CoC,524,238,245,483,41,373,145,190,335,38,151,93,55,148,3,45,28,16,44,1,18,12,6
KY-500,Kentucky Balance of State CoC,4027,989,1427,2416,1611,1713,513,398,911,802,2314,476,1029,1505,809,599,136,286,422,177,259,117,142
KY-501,Louisville-Jefferson County CoC,2682,1264,1273,2537,145,1721,1101,475,1576,145,961,163,798,961,0,377,50,327,377,0,256,176,80
KY-502,Lexington-Fayette County CoC,1428,472,770,1242,186,910,412,348,760,150,518,60,422,482,36,187,19,157,176,11,127,87,40
LA-500,Lafayette/Acadiana CoC,631,159,298,457,174,305,70,144,214,91,326,89,154,243,83,104,26,53,79,25,47,16,31
LA-502,"Shreveport, Bossier/Northwest Louisiana CoC",1042,398,500,898,144,489,141,248,389,100,553,257,252,509,44,186,85,87,172,14,52,17,35
LA-503,New Orleans/Jefferson Parish CoC,1619,335,655,990,629,801,243,261,504,297,818,92,394,486,332,262,33,126,159,103,220,60,160
LA-505,Monroe/Northeast Louisiana CoC,276,93,108,201,75,109,60,27,87,22,167,33,81,114,53,58,11,30,41,17,8,3,5
LA-506,Slidell/Southeast Louisiana CoC,522,98,112,210,312,241,40,34,74,167,281,58,78,136,145,91,21,24,45,46,44,10,34
LA-507,Alexandria/Central Louisiana CoC,128,47,46,93,35,92,40,22,62,30,36,7,24,31,5,15,2,11,13,2,25,7,18
LA-509,Louisiana Balance of State CoC,1263,278,573,851,412,857,153,422,575,282,406,125,151,276,130,135,45,49,94,41,217,64,153
MA-500,Boston CoC,5198,3275,1739,5014,184,2683,1368,1131,2499,184,2515,1907,608,2515,0,885,647,238,885,0,915,834,81
MA-501,"Holyoke/Franklin, Hampden, Hampshire Counties CoC",1090,700,313,1013,77,443,112,271,383,60,647,588,42,630,17,181,156,19,175,6,85,42,43
MA-502,Lynn CoC,389,275,75,350,39,252,148,65,213,39,137,127,10,137,0,66,61,5,66,0,105,66,39
MA-503,Cape Cod Islands CoC,741,274,150,424,317,353,97,82,179,174,388,177,68,245,143,131,72,19,91,40,201,77,124
MA-504,Springfield/Hampden County CoC,696,403,273,676,20,329,215,94,309,20,367,188,179,367,0,135,67,68,135,0,107,89,18
MA-505,New Bedford CoC,380,123,176,299,81,279,49,149,198,81,101,74,27,101,0,48,36,12,48,0,27,27,0
MA-506,Worcester City & County CoC,1291,672,585,1257,34,586,318,234,552,34,705,354,351,705,0,246,125,121,246,0,129,112,17
MA-507,"Pittsfield/Berkshire, Franklin, Hampshire Counties CoC",237,49,161,210,27,181,25,134,159,22,56,24,27,51,5,23,12,10,22,1,31,18,13
MA-509,Cambridge CoC,486,284,140,424,62,359,193,104,297,62,127,91,36,127,0,51,36,15,51,0,182,120,62
MA-511,"Quincy, Brockton, Weymouth, Plymouth City and County CoC",901,609,215,824,77,384,208,99,307,77,517,401,116,517,0,194,147,47,194,0,163,111,52
MA-514,Framingham/Waltham CoC,636,569,60,629,7,173,106,60,166,7,463,463,0,463,0,172,172,0,172,0,90,83,7
MA-515,Fall River CoC,143,54,84,138,5,87,34,48,82,5,56,20,36,56,0,24,9,15,24,0,15,14,1
MA-516,Massachusetts Balance of State CoC,2185,1127,949,2076,109,951,425,417,842,109,1234,702,532,1234,0,465,246,219,465,0,262,209,53
MA-519,"Attleboro, Taunton/Bristol County CoC",133,57,46,103,30,67,21,16,37,30,66,36,30,66,0,23,12,11,23,0,40,28,12
MD-501,Baltimore CoC,2607,981,997,1978,629,1653,751,619,1370,283,954,230,378,608,346,318,85,128,213,105,410,218,192
MD-502,Harford County CoC,145,73,59,132,13,94,57,24,81,13,51,16,35,51,0,17,4,13,17,0,31,23,8
MD-503,Annapolis/Anne Arundel County CoC,290,164,76,240,50,132,73,9,82,50,158,91,67,158,0,49,30,19,49,0,46,38,8
MD-504,Howard County CoC,159,83,52,135,24,35,20,0,20,15,124,63,52,115,9,27,8,15,23,4,5,0,5
MD-505,Baltimore County CoC,426,292,101,393,33,133,87,32,119,14,293,205,69,274,19,106,69,29,98,8,72,65,7
MD-506,Carroll County CoC,174,96,65,161,13,124,69,44,113,11,50,27,21,48,2,19,10,8,18,1,31,28,3
MD-509,Frederick City & County CoC,246,71,153,224,22,126,66,42,108,18,120,5,111,116,4,42,2,38,40,2,55,42,13
MD-511,Mid-Shore Regional CoC,310,95,44,139,171,199,51,24,75,124,111,44,20,64,47,32,13,6,19,13,63,0,63
MD-513,"Wicomico, Somerset, Worcester Counties CoC",251,173,41,214,37,160,121,9,130,30,91,52,32,84,7,39,24,12,36,3,43,32,11
MD-514,Maryland Balance of State CoC,2518,378,352,730,1788,837,156,153,309,528,1681,222,199,421,1260,534,66,66,132,402,309,93,216
MD-600,Prince George's County CoC,943,295,503,798,145,573,160,268,428,145,370,135,235,370,0,104,40,64,104,0,216,71,145
MD-601,Montgomery County CoC,1150,486,424,910,240,740,315,185,500,240,410,171,239,410,0,130,55,75,130,0,208,119,89
ME-500,Maine Statewide CoC,2632,758,1830,2588,44,1241,539,662,1201,40,1391,219,1168,1387,4,491,73,416,489,2,132,123,9
MI-500,Michigan Balance of State CoC,2392,868,555,1423,969,1030,329,183,512,518,1362,539,372,911,451,454,185,114,299,155,156,79,77
MI-501,Detroit CoC,18062,3399,1339,4738,13324,11913,2608,1027,3635,8278,6149,791,312,1103,5046,1520,258,128,386,1134,1503,261,1242
MI-502,"Dearborn, Dearborn Heights, Westland/Wayne County CoC",865,374,244,618,247,513,292,124,416,97,352,82,120,202,150,97,23,31,54,43,122,42,80
MI-503,"St. Clair Shores, Warren/Macomb County CoC",769,215,36,251,518,541,140,28,168,373,228,75,8,83,145,77,23,3,26,51,163,32,131
MI-504,"Pontiac, Royal Oak/Oakland County CoC",1011,224,178,402,609,804,152,50,202,602,207,72,128,200,7,51,18,32,50,1,190,167,23
MI-505,Flint/Genesee County CoC,245,194,33,227,18,129,99,20,119,10,116,95,13,108,8,40,32,5,37,3,26,23,3
MI-506,"Grand Rapids, Wyoming/Kent County CoC",794,329,423,752,42,407,220,151,371,36,387,109,272,381,6,132,33,96,129,3,109,73,36
MI-507,"Portage, Kalamazoo City & County CoC",862,499,284,783,79,276,204,29,233,43,586,295,255,550,36,148,77,57,134,14,70,70,0
MI-508,"Lansing, East Lansing/Ingham County CoC",408,291,100,391,17,205,127,61,188,17,203,164,39,203,0,77,60,17,77,0,122,105,17
MI-509,Washtenaw County CoC,413,239,118,357,56,285,168,61,229,56,128,71,57,128,0,39,21,18,39,0,85,48,37
MI-510,Saginaw City & County CoC,361,117,157,274,87,237,85,93,178,59,124,32,64,96,28,43,14,20,34,9,57,56,1
MI-511,Lenawee County CoC,93,74,11,85,8,45,42,1,43,2,48,32,10,42,6,16,10,4,14,2,20,19,1
MI-512,"Grand Traverse, Antrim, Leelanau Counties CoC",241,98,118,216,25,165,80,60,140,25,76,18,58,76,0,26,6,20,26,0,55,36,19
MI-514,Battle Creek/Calhoun County CoC,274,111,53,164,110,193,53,38,91,102,81,58,15,73,8,27,20,3,23,4,46,46,0
MI-515,Monroe City & County CoC,142,84,47,131,11,109,51,47,98,11,33,33,0,33,0,12,12,0,12,0,16,6,10
MI-516,"Norton Shores, Muskegon City & County CoC",351,76,95,171,180,113,54,34,88,25,238,22,61,83,155,76,11,18,29,47,16,9,7
MI-517,Jackson City & County CoC,414,109,235,344,70,217,74,87,161,56,197,35,148,183,14,69,13,51,64,5,2,1,1
MI-518,Livingston County CoC,63,23,35,58,5,25,15,5,20,5,38,8,30,38,0,13,3,10,13,0,4,3,1
MI-519,Holland/Ottawa County CoC,291,93,198,291,0,120,65,55,120,0,171,28,143,171,0,46,9,37,46,0,6,6,0
MI-523,Eaton County CoC,197,46,59,105,92,37,1,1,2,35,160,45,58,103,57,43,13,13,26,17,3,2,1
MN-500,Minneapolis/Hennepin County CoC,3369,1777,1036,2813,556,1670,844,306,1150,520,1699,933,730,1663,36,529,257,260,517,12,905,668,237
MN-501,Saint Paul/Ramsey County CoC,1294,496,674,1170,124,618,315,188,503,115,676,181,486,667,9,216,66,147,213,3,240,189,51
MN-502,Rochester/Southeast Minnesota CoC,446,154,259,413,33,143,87,40,127,16,303,67,219,286,17,91,23,61,84,7,32,26,6
MN-503,"Dakota, Anoka, Washington, Scott, Carver Counties",800,130,534,664,136,141,24,71,95,46,659,106,463,569,90,210,35,151,186,24,38,18,20
MN-504,Northeast Minnesota CoC,230,32,82,114,116,98,21,17,38,60,132,11,65,76,56,40,4,18,22,18,24,4,20
MN-505,St. Cloud/Central Minnesota CoC,389,201,112,313,76,187,104,40,144,43,202,97,72,169,33,71,34,26,60,11,69,33,36
MN-506,Northwest Minnesota CoC,230,66,133,199,31,75,28,24,52,23,155,38,109,147,8,57,16,38,54,3,39,28,11
MN-508,Moorhead/West Central Minnesota CoC,242,87,78,165,77,144,50,25,75,69,98,37,53,90,8,35,10,21,31,4,82,49,33
MN-509,Duluth/St.Louis County CoC,501,82,212,294,207,270,56,49,105,165,231,26,163,189,42,75,9,54,63,12,105,35,70
MN-511,Southwest Minnesota CoC,143,76,49,125,18,42,15,13,28,14,101,61,36,97,4,29,19,9,28,1,3,2,1
MO-500,St. Louis County CoC,458,263,133,396,62,115,46,18,64,51,343,217,115,332,11,107,68,36,104,3,59,29,30
MO-501,St.Louis City CoC,1386,627,546,1173,213,800,443,144,587,213,586,184,402,586,0,196,77,119,196,0,258,238,20
MO-503,"St. Charles City & County, Lincoln, Warren Counties CoC",593,157,148,305,288,253,65,61,126,127,340,92,87,179,161,123,33,32,65,58,35,23,12
MO-600,"Springfield/Greene, Christian, Webster Counties CoC",713,136,370,506,207,451,106,198,304,147,262,30,172,202,60,115,12,53,65,50,91,4,87
MO-602,"Joplin/Jasper, Newton Counties CoC",380,63,244,307,73,282,55,154,209,73,98,8,90,98,0,31,2,29,31,0,14,11,3
MO-603,"St. Joseph/Andrew, Buchanan, DeKalb Counties CoC",159,94,37,131,28,72,45,6,51,21,87,49,31,80,7,21,11,9,20,1,17,14,3
MO-604a,"Kansas City, Independence, Lee’s Summit/Jackson, Wyandotte Counties, MO & KS",2260,1041,628,1669,591,1262,650,255,905,357,998,391,373,764,234,292,116,113,229,63,570,448,122
MO-606,Missouri Balance of State CoC,1904,837,392,1229,675,1066,380,212,592,474,838,457,180,637,201,258,143,57,200,58,205,146,59
MS-500,"Jackson/Rankin, Madison Counties CoC",1302,245,550,795,507,1208,217,486,703,505,94,28,64,92,2,28,9,18,27,1,656,342,314
MS-501,Mississippi Balance of State CoC,385,131,213,344,41,233,84,108,192,41,152,47,105,152,0,42,11,31,42,0,99,70,29
MS-503,Gulf Port/Gulf Coast Regional CoC,274,40,27,67,207,256,29,24,53,203,18,11,3,14,4,7,4,1,5,2,122,5,117
MT-500,Montana Statewide CoC,1417,578,429,1007,410,968,428,189,617,351,449,150,240,390,59,154,49,84,133,21,138,46,92
NC-500,Winston-Salem/Forsyth County CoC,452,278,145,423,29,366,265,72,337,29,86,13,73,86,0,28,5,23,28,0,141,136,5
NC-501,Asheville/Buncombe County CoC,509,266,163,429,80,407,206,124,330,77,102,60,39,99,3,34,17,14,31,3,175,112,63
NC-502,Durham City & County CoC,590,339,215,554,36,474,268,170,438,36,116,71,45,116,0,38,27,11,38,0,105,69,36
NC-503,North Carolina Balance of State CoC,2742,1348,482,1830,912,1513,751,261,1012,501,1229,597,221,818,411,453,210,73,283,170,291,105,186
NC-504,"Greensboro, High Point CoC",987,415,464,879,108,680,321,263,584,96,307,94,201,295,12,95,26,64,90,5,101,51,50
NC-505,Charlotte/Mecklenberg CoC,1988,796,754,1550,438,1519,618,471,1089,430,469,178,283,461,8,170,56,106,162,8,261,232,29
NC-506,"Wilmington/Brunswick, New Hanover, Pender Counties CoC",496,229,198,427,69,319,169,83,252,67,177,60,115,175,2,44,20,23,43,1,106,77,29
NC-507,Raleigh/Wake County CoC,1144,681,390,1071,73,826,513,240,753,73,318,168,150,318,0,122,50,72,122,0,109,91,18
NC-509,"Gastonia/Cleveland, Gaston, Lincoln Counties CoC",920,206,51,257,663,760,153,39,192,568,160,53,12,65,95,50,16,5,21,29,105,7,98
NC-511,Fayetteville/Cumberland County CoC,1074,104,162,266,808,606,79,15,94,512,468,25,147,172,296,117,9,29,38,79,115,14,101
NC-513,Chapel Hill/Orange County CoC,195,83,94,177,18,156,80,61,141,15,39,3,33,36,3,15,1,13,14,1,58,50,8
NC-516,Northwest North Carolina CoC,1314,118,44,162,1152,1123,82,33,115,1008,191,36,11,47,144,65,12,5,17,48,260,20,240
ND-500,North Dakota Statewide CoC,615,394,202,596,19,375,259,103,362,13,240,135,99,234,6,72,42,28,70,2,51,50,1
NE-500,Nebraska Balance of State CoC,1637,309,928,1237,400,608,147,310,457,151,1029,162,618,780,249,344,44,208,252,92,78,53,25
NE-501,"Omaha, Council Bluffs CoC",1197,707,418,1125,72,928,638,218,856,72,269,69,200,269,0,89,31,58,89,0,550,500,50
NE-502,Lincoln CoC,1151,428,437,865,286,708,267,244,511,197,443,161,193,354,89,179,42,69,111,68,79,74,5
NH-500,New Hampshire Balance of State CoC,986,464,366,830,156,543,300,144,444,99,443,164,222,386,57,118,36,61,97,21,213,148,65
NH-501,Manchester CoC,576,206,167,373,203,405,153,52,205,200,171,53,115,168,3,54,14,39,53,1,114,97,17
NH-502,Nashua/Hillsborough County CoC,457,226,106,332,125,224,93,43,136,88,233,133,63,196,37,78,41,24,65,13,110,52,58
NJ-500,Atlantic City & County CoC,476,377,21,398,78,382,293,17,310,72,94,84,4,88,6,40,35,2,37,3,85,72,13
NJ-501,Bergen County CoC,1627,278,1236,1514,113,690,172,415,587,103,937,106,821,927,10,333,41,287,328,5,58,36,22
NJ-502,Burlington County CoC,896,613,167,780,116,610,393,115,508,102,286,220,52,272,14,152,112,33,145,7,218,187,31
NJ-503,"Camden City & County/Gloucester, Cape May, Cumberland Counties CoC",1454,889,222,1111,343,856,508,121,629,227,598,381,101,482,116,184,122,33,155,29,163,108,55
NJ-504,Newark/Essex County CoC,1036,749,135,884,152,683,482,86,568,115,353,267,49,316,37,84,53,16,69,15,128,110,18
NJ-506,"Jersey City, Bayonne/Hudson County CoC",2227,1694,282,1976,251,682,440,64,504,178,1545,1254,218,1472,73,548,473,59,532,16,93,63,30
NJ-507,New Brunswick/Middlesex County CoC,792,275,270,545,247,394,151,110,261,133,398,124,160,284,114,125,42,57,99,26,61,42,19
NJ-508,Monmouth County CoC,763,429,247,676,87,311,211,44,255,56,452,218,203,421,31,140,62,70,132,8,84,74,10
NJ-509,Morris County CoC,224,96,93,189,35,148,72,41,113,35,76,24,52,76,0,30,10,20,30,0,30,20,10
NJ-510,Lakewood Township/Ocean County CoC,337,262,47,309,28,188,149,11,160,28,149,113,36,149,0,51,40,11,51,0,40,36,4
NJ-511,Paterson/Passaic County CoC,518,219,95,314,204,338,129,51,180,158,180,90,44,134,46,58,27,22,49,9,51,26,25
NJ-512,Salem County CoC,310,157,145,302,8,136,104,27,131,5,174,53,118,171,3,59,15,43,58,1,28,26,2
NJ-513,Somerset County CoC,302,100,185,285,17,177,47,116,163,14,125,53,69,122,3,36,16,19,35,1,12,7,5
NJ-514,Trenton/Mercer County CoC,989,530,321,851,138,522,325,125,450,72,467,205,196,401,66,110,53,40,93,17,82,62,20
NJ-515,Elizabeth/Union County CoC,1188,347,725,1072,116,423,190,129,319,104,765,157,596,753,12,272,41,229,270,2,79,46,33
NJ-516,"Warren, Sussex, Hunterdon Counties CoC",693,377,277,654,39,308,190,93,283,25,385,187,184,371,14,137,72,61,133,4,57,53,4
NM-500,Albuquerque CoC,1276,473,516,989,287,821,402,204,606,215,455,71,312,383,72,147,24,100,124,23,159,78,81
NM-501,New Mexico Balance of State CoC,1739,485,274,759,980,1040,341,116,457,583,699,144,158,302,397,220,48,54,102,118,552,167,385
NV-500,Las Vegas/Clark County CoC,7533,976,2868,3844,3689,5624,900,2002,2902,2722,1909,76,866,942,967,606,30,255,285,321,808,174,634
NV-501,"Reno, Sparks/Washoe County CoC",863,420,345,765,98,742,379,268,647,95,121,41,77,118,3,40,16,23,39,1,33,0,33
NV-502,Nevada Balance of State CoC,330,129,125,254,76,146,61,48,109,37,184,68,77,145,39,63,32,24,56,7,113,50,63
NY-500,"Rochester, Irondequoit, Greece/Monroe County CoC",595,378,213,591,4,320,230,86,316,4,275,148,127,275,0,112,65,47,112,0,83,79,4
NY-501,"Elmira/Steuben, Allegany, Livingston, Chemung, Schuyler Counties CoC",177,28,148,176,1,151,16,134,150,1,26,12,14,26,0,9,3,6,9,0,2,2,0
NY-503,Albany City & County CoC,538,363,103,466,72,384,245,76,321,63,154,118,27,145,9,56,41,12,53,3,66,30,36
NY-504,Cattaragus County CoC,69,13,41,54,15,48,6,27,33,15,21,7,14,21,0,8,3,5,8,0,0,0,0
NY-505,"Syracuse, Auburn/Onondaga, Oswego, Cayuga Counties CoC",731,362,346,708,23,600,306,277,583,17,131,56,69,125,6,51,18,28,46,5,107,98,9
NY-507,Schenectady City & County CoC,195,111,18,129,66,152,89,4,93,59,43,22,14,36,7,15,7,5,12,3,30,11,19
NY-508,"Buffalo, Niagara Falls/Erie, Niagara, Orleans, Genesee, Wyoming Counties CoC",1250,467,564,1031,219,837,324,306,630,207,413,143,258,401,12,127,39,84,123,4,260,123,137
NY-510,Ithaca/Tompkins County CoC,78,38,24,62,16,46,30,0,30,16,32,8,24,32,0,10,2,8,10,0,8,6,2
NY-512,Troy/Rensselaer County CoC,193,107,27,134,59,88,23,11,34,54,105,84,16,100,5,39,30,7,37,2,29,10,19
NY-513,"Wayne, Ontario, Seneca, Yates Counties CoC",88,88,0,88,0,47,47,0,47,0,41,41,0,41,0,16,16,0,16,0,5,5,0
NY-514,"Jamestown, Dunkirk/Chautauqua County CoC",65,19,44,63,2,9,5,2,7,2,56,14,42,56,0,26,6,20,26,0,0,0,0
NY-516,Clinton County CoC,53,42,6,48,5,50,42,3,45,5,3,0,3,3,0,1,0,1,1,0,3,3,0
NY-518,"Utica, Rome/Oneida, Madison Counties CoC",316,179,121,300,16,186,129,41,170,16,130,50,80,130,0,40,20,20,40,0,21,10,11
NY-519,"Columbia, Greene Counties CoC",172,141,31,172,0,96,77,19,96,0,76,64,12,76,0,26,22,4,26,0,5,5,0
NY-520,"Franklin, Essex Counties CoC",10,6,0,6,4,10,6,0,6,4,0,0,0,0,0,0,0,0,0,0,5,4,1
NY-522,"Jefferson, Lewis, St. Lawrence Counties CoC",297,145,147,292,5,249,97,147,244,5,48,48,0,48,0,14,14,0,14,0,23,21,2
NY-523,"Glens Falls, Saratoga Springs/Saratoga, Washington, Warren, Hamilton Counties Co",166,83,34,117,49,110,48,25,73,37,56,35,9,44,12,20,14,3,17,3,33,10,23
NY-600,New York City CoC,50261,39019,7936,46955,3306,19994,11890,4798,16688,3306,30267,27129,3138,30267,0,9453,8494,959,9453,0,3885,1405,2480
NY-601,Poughkeepsie/Dutchess County CoC,547,219,244,463,84,288,114,119,233,55,259,105,125,230,29,93,34,49,83,10,163,88,75
NY-602,"Newburgh, Middletown/Orange County CoC",311,177,40,217,94,208,122,0,122,86,103,55,40,95,8,35,17,15,32,3,78,55,23
NY-603,"Nassau, Suffolk Counties CoC",2509,1851,500,2351,158,789,377,254,631,158,1720,1474,246,1720,0,534,467,67,534,0,52,37,15
NY-604,"Yonkers, Mount Vernon/Westchester County CoC",1829,514,1179,1693,136,690,396,158,554,136,1139,118,1021,1139,0,365,38,327,365,0,140,43,97
NY-606,Rockland County CoC,141,38,46,84,57,91,1,33,34,57,50,37,13,50,0,21,15,6,21,0,30,13,17
NY-607,Sullivan County CoC,139,109,0,109,30,53,32,0,32,21,86,77,0,77,9,25,23,0,23,2,12,6,6
NY-608,Kingston/Ulster County CoC,395,122,85,207,188,275,50,82,132,143,120,72,3,75,45,36,22,1,23,13,49,7,42
OH-500,Cincinnati/Hamilton County CoC,1116,632,429,1061,55,726,448,223,671,55,390,184,206,390,0,118,55,63,118,0,269,246,23
OH-501,Toledo/Lucas County CoC,959,354,351,705,254,653,292,185,477,176,306,62,166,228,78,106,22,51,73,33,256,212,44
OH-502,Cleveland/Cuyahoga County CoC,2242,1249,842,2091,151,1790,1030,619,1649,141,452,219,223,442,10,149,72,74,146,3,698,620,78
OH-503,Columbus/Franklin County CoC,1341,1089,135,1224,117,851,629,105,734,117,490,460,30,490,0,148,134,14,148,0,238,133,105
OH-504,Youngstown/Mahoning County CoC,236,93,132,225,11,121,75,35,110,11,115,18,97,115,0,41,7,34,41,0,22,18,4
OH-505,"Dayton, Kettering/Montgomery County CoC",844,611,203,814,30,484,354,100,454,30,360,257,103,360,0,119,79,40,119,0,74,65,9
OH-506,"Akron, Barberton/Summit County CoC",740,325,311,636,104,490,236,157,393,97,250,89,154,243,7,82,28,52,80,2,212,142,70
OH-507,Ohio Balance of State CoC,4525,1551,1674,3225,1300,2242,917,546,1463,779,2283,634,1128,1762,521,758,197,385,582,176,364,201,163
OH-508,"Canton, Massillon, Alliance/Stark County CoC",909,209,187,396,513,508,119,46,165,343,401,90,141,231,170,128,32,43,75,53,119,36,83
OK-500,North Central Oklahoma CoC,241,197,18,215,26,136,95,18,113,23,105,102,0,102,3,34,33,0,33,1,6,2,4
OK-501,Tulsa City & County CoC,729,504,190,694,35,576,406,140,546,30,153,98,50,148,5,50,33,15,48,2,79,70,9
OK-502,Oklahoma City CoC,1335,616,397,1013,322,1053,512,250,762,291,282,104,147,251,31,96,28,56,84,12,304,141,163
OK-503,Oklahoma Balance of State CoC,157,98,53,151,6,98,72,20,92,6,59,26,33,59,0,21,11,10,21,0,7,7,0
OK-504,Norman/Cleveland County CoC,578,63,115,178,400,304,41,51,92,212,274,22,64,86,188,85,9,26,35,50,60,16,44
OK-505,Northeast Oklahoma CoC,370,160,42,202,168,257,87,42,129,128,113,73,0,73,40,36,23,0,23,13,77,74,3
OK-506,Southwest Oklahoma Regional CoC,168,106,46,152,16,110,97,0,97,13,58,9,46,55,3,20,3,16,19,1,13,7,6
OK-507,Southeastern Oklahoma Regional CoC,268,189,9,198,70,140,69,5,74,66,128,120,4,124,4,35,31,2,33,2,15,14,1
OR-500,"Eugene, Springfield/Lane County CoC",2137,693,672,1365,772,1175,495,201,696,479,962,198,471,669,293,290,64,160,224,66,640,456,184
OR-501,"Portland, Gresham/Multnomah County CoC",3918,674,1610,2284,1634,3005,576,866,1442,1563,913,98,744,842,71,317,35,252,287,30,596,210,386
OR-502,"Medford, Ashland/Jackson County CoC",654,628,0,628,26,366,340,0,340,26,288,288,0,288,0,119,119,0,119,0,134,108,26
OR-503,Central Oregon CoC,1736,148,122,270,1466,583,93,19,112,471,1153,55,103,158,995,358,18,31,49,309,306,54,252
OR-504,"Salem/Marion, Polk Counties CoC",1997,293,288,581,1416,1165,225,121,346,819,832,68,167,235,597,292,18,57,75,217,181,38,143
OR-505,Oregon Balance of State CoC,7863,2035,2254,4289,3574,3840,1393,865,2258,1582,4023,642,1389,2031,1992,1275,209,449,658,617,1064,629,435
OR-506,"Hillsboro, Beaverton/Washington County CoC",772,95,268,363,409,256,12,13,25,231,516,83,255,338,178,169,22,95,117,52,233,3,230
OR-507,Clackamas County CoC,1576,101,65,166,1410,1158,26,15,41,1117,418,75,50,125,293,124,24,20,44,80,192,4,188
PA-500,Philadelphia CoC,6871,3279,3135,6414,457,3479,1895,1127,3022,457,3392,1384,2008,3392,0,1087,437,650,1087,0,600,189,411
PA-501,Harrisburg/Dauphin County CoC,421,206,149,355,66,228,119,52,171,57,193,87,97,184,9,72,32,37,69,3,96,48,48
PA-502,"Upper Darby, Chester, Haverford/Delaware County CoC",653,287,323,610,43,248,160,45,205,43,405,127,278,405,0,128,45,83,128,0,92,63,29
PA-503,"Wilkes-Barre, Hazleton/Luzerne County CoC",171,79,82,161,10,107,68,29,97,10,64,11,53,64,0,21,4,17,21,0,14,13,1
PA-504,"Lower Merion, Norristown, Abington/Montgomery County CoC",479,216,239,455,24,176,128,24,152,24,303,88,215,303,0,92,27,65,92,0,74,62,12
PA-505,Chester County CoC,314,137,149,286,28,130,100,30,130,0,184,37,119,156,28,65,14,36,50,15,56,56,0
PA-506,Reading/Berks County CoC,496,208,221,429,67,287,152,68,220,67,209,56,153,209,0,75,23,52,75,0,32,14,18
PA-508,Scranton/Lackawanna County CoC,260,81,141,222,38,109,43,44,87,22,151,38,97,135,16,51,11,34,45,6,40,25,15
PA-509,Eastern Pennsylvania CoC,1759,725,921,1646,113,773,407,273,680,93,986,318,648,966,20,332,106,220,326,6,152,103,49
PA-510,Lancaster City & County CoC,707,172,496,668,39,386,105,242,347,39,321,67,254,321,0,129,25,104,129,0,47,31,16
PA-511,"Bristol, Bensalem/Bucks County CoC",485,103,378,481,4,150,30,116,146,4,335,73,262,335,0,104,21,83,104,0,0,0,0
PA-600,"Pittsburgh, McKeesport, Penn Hills/Allegheny County CoC",1308,282,806,1088,220,837,204,413,617,220,471,78,393,471,0,164,29,135,164,0,222,110,112
PA-601,Western Pennsylvania CoC,862,341,454,795,67,434,201,178,379,55,428,140,276,416,12,141,46,90,136,5,76,60,16
PA-603,Beaver County CoC,213,12,119,131,82,189,9,101,110,79,24,3,18,21,3,8,1,6,7,1,60,28,32
PA-605,Erie City & County CoC,379,208,130,338,41,201,136,42,178,23,178,72,88,160,18,57,18,32,50,7,61,57,4
PR-502,Puerto Rico Balance of Commonwealth CoC,707,0,8,8,699,663,0,8,8,655,44,0,0,0,44,22,0,0,0,22,1488,567,921
PR-503,South-Southeast Puerto Rico CoC,2305,298,504,802,1503,2005,223,432,655,1350,300,75,72,147,153,69,22,23,45,24,1429,459,970
RI-500,Rhode Island Statewide CoC,1196,734,408,1142,54,714,437,223,660,54,482,297,185,482,0,181,84,97,181,0,245,208,37
SC-500,Charleston/Low Country CoC,539,290,192,482,57,432,239,142,381,51,107,51,50,101,6,40,19,18,37,3,46,39,7
SC-501,"Greenville, Anderson, Spartanburg/Upstate CoC",1606,673,427,1100,506,1127,541,168,709,418,479,132,259,391,88,154,49,83,132,22,232,215,17
SC-502,Columbia/Midlands CoC,1569,531,415,946,623,1278,403,317,720,558,291,128,98,226,65,97,44,34,78,19,185,105,80
SC-503,"Myrtle Beach, Sumter City & County CoC",1946,186,372,558,1388,972,79,142,221,751,974,107,230,337,637,164,26,53,79,85,280,39,241
SD-500,South Dakota Statewide CoC,579,269,269,538,41,268,138,97,235,33,311,131,172,303,8,108,46,58,104,4,104,79,25
TN-500,Chattanooga/Southeast Tennessee CoC,87,39,33,72,15,0,0,0,0,0,87,39,33,72,15,37,14,11,25,12,679,44,635
TN-501,Memphis/Shelby County CoC,1566,353,1129,1482,84,1007,253,672,925,82,559,100,457,557,2,215,36,178,214,1,66,39,27
TN-502,Knoxville/Knox County CoC,930,424,392,816,114,812,409,297,706,106,118,15,95,110,8,47,9,35,44,3,277,214,63
TN-503,Central Tennessee CoC,328,110,129,239,89,242,69,115,184,58,86,41,14,55,31,27,10,5,15,12,36,25,11
TN-504,Nashville-Davidson County CoC,2217,1187,564,1751,466,1816,930,420,1350,466,401,257,144,401,0,134,86,48,134,0,1364,898,466
TN-506,Upper Cumberland CoC,704,176,20,196,508,333,102,14,116,217,371,74,6,80,291,133,27,2,29,104,217,79,138
TN-507,Jackson/West Tennessee CoC,2187,136,115,251,1936,1996,105,80,185,1811,191,31,35,66,125,75,10,13,23,52,293,50,243
TN-509,Appalachian Regional CoC,559,306,39,345,214,478,249,23,272,206,81,57,16,73,8,26,18,5,23,3,88,46,42
TN-510,Murfreesboro/Rutherford County CoC,223,75,0,75,148,176,45,0,45,131,47,30,0,30,17,16,14,0,14,2,89,15,74
TN-512,"Morristown/Blount, Sevier, Campbell, Cocke Counties CoC",904,169,264,433,471,382,32,14,46,336,522,137,250,387,135,173,45,72,117,56,255,28,227
TX-500,San Antonio/Bexar County CoC,4063,1116,1402,2518,1545,2797,825,538,1363,1434,1266,291,864,1155,111,419,85,285,370,49,520,195,325
TX-503,Austin/Travis County CoC,3451,846,459,1305,2146,2881,609,156,765,2116,570,237,303,540,30,160,71,80,151,9,919,242,677
TX-600,"Dallas City & County, Irving CoC",3558,2226,1119,3345,213,2286,1674,399,2073,213,1272,552,720,1272,0,433,202,231,433,0,620,522,98
TX-601,"Fort Worth, Arlington/Tarrant County CoC",2676,1226,1247,2473,203,1442,923,316,1239,203,1234,303,931,1234,0,394,98,296,394,0,519,426,93
TX-603,El Paso City & County CoC,1241,629,339,968,273,804,438,93,531,273,437,191,246,437,0,133,56,77,133,0,208,72,136
TX-604,Waco/McLennan County CoC,431,108,151,259,172,321,90,86,176,145,110,18,65,83,27,38,7,25,32,6,70,32,38
TX-607,Texas Balance of State CoC,13298,5691,1568,7259,6039,8628,3574,926,4500,4128,4670,2117,642,2759,1911,1204,474,197,671,533,2070,1032,1038
TX-611,Amarillo CoC,540,395,91,486,54,351,291,6,297,54,189,104,85,189,0,61,36,25,61,0,45,33,12
TX-624,"Wichita Falls/Wise, Palo Pinto, Wichita, Archer Counties CoC",280,231,0,231,49,233,184,0,184,49,47,47,0,47,0,14,14,0,14,0,206,157,49
TX-700,"Houston, Pasadena, Conroe/Harris, Ft. Bend, Montgomery, Counties CoC",10363,2288,2729,5017,5346,8054,1653,1207,2860,5194,2309,635,1522,2157,152,668,183,440,623,45,3627,906,2721
TX-701,"Bryan, College Station/Brazos Valley CoC",289,120,99,219,70,153,86,21,107,46,136,34,78,112,24,34,11,17,28,6,40,39,1
UT-500,Salt Lake City & County CoC,2296,1279,859,2138,158,1428,867,403,1270,158,868,412,456,868,0,270,125,145,270,0,475,317,158
UT-503,Utah Balance of State CoC,878,348,479,827,51,476,235,190,425,51,402,113,289,402,0,139,46,93,139,0,174,123,51
UT-504,Provo/Mountainland CoC,260,103,110,213,47,114,37,30,67,47,146,66,80,146,0,47,22,25,47,0,53,6,47
VA-500,"Richmond/Henrico, Chesterfield, Hanover Counties CoC",1073,349,558,907,166,831,257,408,665,166,242,92,150,242,0,89,32,57,89,0,72,39,33
VA-501,"Norfolk, Chesapeake, Suffolk/Isle of Wight, Southampton Counties CoC",602,407,102,509,93,378,284,27,311,67,224,123,75,198,26,78,38,23,61,17,87,61,26
VA-502,"Roanoke City & County, Salem CoC",504,368,129,497,7,379,275,97,372,7,125,93,32,125,0,42,31,11,42,0,181,178,3
VA-503,Virginia Beach CoC,484,249,157,406,78,233,127,30,157,76,251,122,127,249,2,80,38,41,79,1,88,42,46
VA-504,Charlottesville CoC,239,156,68,224,15,183,134,34,168,15,56,22,34,56,0,17,7,10,17,0,82,77,5
VA-505,"Newport News, Hampton/Virginia Peninsula CoC",526,382,104,486,40,394,330,26,356,38,132,52,78,130,2,43,19,23,42,1,147,117,30
VA-507,Portsmouth CoC,222,121,56,177,45,167,94,28,122,45,55,27,28,55,0,21,9,12,21,0,49,17,32
VA-508,Lynchburg CoC,256,147,64,211,45,133,56,33,89,44,123,91,31,122,1,45,35,9,44,1,53,30,23
VA-513,"Harrisburg, Winchester/Western Virginia CoC",245,132,56,188,57,108,77,5,82,26,137,55,51,106,31,46,16,16,32,14,41,36,5
VA-514,"Fredericksburg/Spotsylvania, Stafford Counties CoC",194,101,26,127,67,123,62,1,63,60,71,39,25,64,7,25,13,9,22,3,54,18,36
VA-521,Virginia Balance of State CoC,863,346,213,559,304,443,159,100,259,184,420,187,113,300,120,150,65,41,106,44,115,55,60
VA-600,Arlington County CoC,410,122,109,231,179,284,87,18,105,179,126,35,91,126,0,41,12,29,41,0,156,27,129
VA-601,Fairfax County CoC,1835,658,965,1623,212,744,395,137,532,212,1091,263,828,1091,0,311,74,237,311,0,402,226,176
VA-602,Loudoun County CoC,160,72,64,136,24,43,18,1,19,24,117,54,63,117,0,33,17,16,33,0,21,8,13
VA-603,Alexandria CoC,306,122,116,238,68,194,67,59,126,68,112,55,57,112,0,39,18,21,39,0,58,12,46
VA-604,Prince William County CoC,550,182,194,376,174,201,99,16,115,86,349,83,178,261,88,106,25,56,81,25,72,24,48
VI-500,Virgin Islands CoC,602,60,55,115,487,566,28,51,79,487,36,32,4,36,0,18,17,1,18,0,513,26,487
VT-500,Vermont Balance of State CoC,633,186,253,439,194,405,98,142,240,165,228,88,111,199,29,79,32,37,69,10,168,88,80
VT-501,Burlington/Chittenden County CoC,321,125,132,257,64,222,83,78,161,61,99,42,54,96,3,41,12,28,40,1,66,27,39
WA-500,Seattle/King County CoC,8501,2515,3293,5808,2693,5517,1893,993,2886,2631,2984,622,2300,2922,62,931,187,728,915,16,987,730,257
WA-501,Washington Balance of State CoC,7117,1776,3229,5005,2112,3170,875,1024,1899,1271,3947,901,2205,3106,841,1273,304,711,1015,258,1085,557,528
WA-502,Spokane City & County CoC,1370,830,250,1080,290,999,619,117,736,263,371,211,133,344,27,129,70,49,119,10,206,162,44
WA-503,"Tacoma, Lakewood/Pierce County CoC",1743,466,1012,1478,265,753,343,183,526,227,990,123,829,952,38,285,34,246,280,5,372,211,161
WA-504,Everett/Snohomish County CoC,2161,421,784,1205,956,1212,294,69,363,849,949,127,715,842,107,336,40,260,300,36,301,234,67
WA-508,Vancouver/Clark County CoC,1062,311,569,880,182,505,149,272,421,84,557,162,297,459,98,169,46,95,141,28,122,80,42
WI-500,Wisconsin Balance of State CoC,3105,1207,1610,2817,288,1044,468,398,866,178,2061,739,1212,1951,110,715,248,428,676,39,299,178,121
WI-501,Milwaukee City & County CoC,1470,729,566,1295,175,769,441,242,683,86,701,288,324,612,89,239,104,106,210,29,234,190,44
WI-502,Racine City & County CoC,259,149,109,258,1,159,117,41,158,1,100,32,68,100,0,40,17,23,40,0,25,24,1
WI-503,Madison/Dane County CoC,615,321,243,564,51,313,168,100,268,45,302,153,143,296,6,96,46,47,93,3,129,88,41
WV-500,"Wheeling, Weirton Area CoC",92,72,13,85,7,71,63,1,64,7,21,9,12,21,0,8,2,6,8,0,18,12,6
WV-501,"Huntington/Cabell, Wayne Counties CoC",264,139,93,232,32,204,100,72,172,32,60,39,21,60,0,22,14,8,22,0,103,95,8
WV-503,"Charleston/Kanawha, Putnam, Boone, Clay Counties CoC",363,211,53,264,99,275,163,38,201,74,88,48,15,63,25,29,16,5,21,8,117,68,49
WV-508,West Virginia Balance of State CoC,1297,530,311,841,456,885,369,187,556,329,412,161,124,285,127,140,65,46,111,29,149,89,60
WY-500,Wyoming Statewide CoC,751,395,224,619,132,357,235,85,320,37,394,160,139,299,95,143,62,54,116,27,67,30,37
